{"initial_reset_timestamp": 1566768689.587235, "timestamps": [1566768691.1438222, 1566768692.829018, 1566768694.5258849, 1566768696.2284229, 1566768697.943202, 1566768699.682689, 1566768701.4261, 1566768703.14159, 1566768704.8666189, 1566768706.595295, 1566768708.3650932, 1566768710.0972219, 1566768711.849507, 1566768713.5660002, 1566768715.3041291, 1566768717.066006, 1566768718.811305, 1566768720.563582, 1566768722.31322, 1566768724.0694149, 1566768725.821667, 1566768727.521528, 1566768729.209995, 1566768730.905789, 1566768732.5303779, 1566768734.189857, 1566768735.945158, 1566768737.6928399, 1566768739.43561, 1566768741.163651, 1566768742.949207, 1566768744.705873, 1566768746.436505, 1566768748.1602612, 1566768749.9089248, 1566768751.652201, 1566768753.4657862, 1566768755.2391832, 1566768756.95531, 1566768758.7033541, 1566768760.520858, 1566768762.2328708, 1566768763.999773, 1566768765.768513, 1566768767.487288, 1566768769.247325, 1566768770.9850829, 1566768772.7033658, 1566768774.444927, 1566768776.196138, 1566768777.996226, 1566768779.7249768, 1566768781.477977, 1566768783.22611, 1566768784.931979, 1566768786.682566, 1566768788.43444, 1566768790.149256, 1566768791.903588, 1566768793.651319, 1566768795.444122, 1566768797.2099001, 1566768798.991267, 1566768800.7187378, 1566768802.4786198, 1566768804.235886, 1566768805.902831, 1566768807.6568232, 1566768809.425559, 1566768811.154016, 1566768812.984106, 1566768814.7341871, 1566768816.4871612, 1566768818.250392, 1566768820.02882, 1566768821.7893271, 1566768823.517569, 1566768825.2800782, 1566768826.9839702, 1566768828.706107, 1566768830.558818, 1566768832.322776, 1566768834.046498, 1566768835.807434, 1566768837.545316, 1566768839.2669709, 1566768841.0307, 1566768842.779078, 1566768844.530635, 1566768846.279367, 1566768848.1060832, 1566768849.876267, 1566768851.589359, 1566768853.320821, 1566768855.0676968, 1566768856.804707, 1566768858.5606332, 1566768860.3231559, 1566768862.067774, 1566768863.81679, 1566768865.693208, 1566768867.4238698, 1566768869.1821928, 1566768870.9469, 1566768872.71542, 1566768874.435657, 1566768876.165117, 1566768877.946303, 1566768879.678188, 1566768881.398206, 1566768883.308089, 1566768885.0735419, 1566768886.810899, 1566768888.58337, 1566768890.3413901, 1566768892.09784, 1566768893.867116, 1566768895.632098, 1566768897.4022799, 1566768899.169041, 1566768901.0875049, 1566768902.84383, 1566768904.604544, 1566768906.3686452, 1566768908.131561, 1566768909.885822, 1566768911.646913, 1566768913.406888, 1566768915.154475, 1566768916.879928, 1566768918.803796, 1566768920.56455, 1566768922.3192809, 1566768924.084919, 1566768925.8058932, 1566768927.523131, 1566768929.286679, 1566768931.054306, 1566768932.827439, 1566768934.5825899, 1566768936.519278, 1566768938.293372, 1566768939.959465, 1566768941.6847339, 1566768943.3515148, 1566768945.08394, 1566768946.798825, 1566768948.468993, 1566768950.1519392, 1566768951.826713, 1566768953.77218, 1566768955.540695, 1566768957.267221, 1566768959.02587, 1566768960.772344, 1566768962.511741, 1566768964.230072, 1566768965.9875698, 1566768967.751831, 1566768969.524865, 1566768971.504443, 1566768973.2618072, 1566768975.033417, 1566768976.810292, 1566768978.568366, 1566768980.327606, 1566768982.093045, 1566768983.863243, 1566768985.629652, 1566768987.411099, 1566768989.357482, 1566768991.129941, 1566768992.889559, 1566768994.612706, 1566768996.3802, 1566768998.136893, 1566768999.880472, 1566769001.670879, 1566769003.434127, 1566769005.1973388, 1566769007.1958542, 1566769008.944777, 1566769010.6951292, 1566769012.454821, 1566769014.063563, 1566769015.781377, 1566769017.5193758, 1566769019.28125, 1566769021.0522518, 1566769022.811009, 1566769024.81358, 1566769026.565706, 1566769028.323479, 1566769030.0963268, 1566769031.844884, 1566769033.608358, 1566769035.3720279, 1566769037.143779, 1566769038.909494, 1566769040.665969, 1566769042.6990988, 1566769044.467704, 1566769046.225672, 1566769047.994719, 1566769049.767256, 1566769051.513528, 1566769053.275075, 1566769055.0337741, 1566769056.789185, 1566769058.554527, 1566769060.6210828, 1566769062.366295, 1566769064.131952, 1566769065.88105, 1566769067.645934, 1566769069.4114718, 1566769071.1881092, 1566769072.954908, 1566769074.715061, 1566769076.4804852, 1566769078.516652, 1566769080.283457, 1566769082.053765, 1566769083.8085089, 1566769085.5636349, 1566769087.341613, 1566769089.1026108, 1566769090.880664, 1566769092.654916, 1566769094.421047, 1566769096.4835992, 1566769098.2528691, 1566769100.01881, 1566769101.7779, 1566769103.51179, 1566769105.2593222, 1566769107.004579, 1566769108.7751958, 1566769110.5101418, 1566769112.2754319, 1566769114.355235, 1566769116.123775, 1566769117.8871639, 1566769119.657683, 1566769121.416189, 1566769123.18418, 1566769124.951808, 1566769126.6889, 1566769128.458056, 1566769130.225906], "episode_lengths": [1000, 1000, 1000, 1000, 1000, 1000, 1000, 1000, 1000, 1000, 1000, 1000, 1000, 1000, 1000, 1000, 1000, 1000, 1000, 1000, 1000, 1000, 1000, 1000, 1000, 1000, 1000, 1000, 1000, 1000, 1000, 1000, 1000, 1000, 1000, 1000, 1000, 1000, 1000, 1000, 1000, 1000, 1000, 1000, 1000, 1000, 1000, 1000, 1000, 1000, 1000, 1000, 1000, 1000, 1000, 1000, 1000, 1000, 1000, 1000, 1000, 1000, 1000, 1000, 1000, 1000, 1000, 1000, 1000, 1000, 1000, 1000, 1000, 1000, 1000, 1000, 1000, 1000, 1000, 1000, 1000, 1000, 1000, 1000, 1000, 1000, 1000, 1000, 1000, 1000, 1000, 1000, 1000, 1000, 1000, 1000, 1000, 1000, 1000, 1000, 1000, 1000, 1000, 1000, 1000, 1000, 1000, 1000, 1000, 1000, 1000, 1000, 1000, 1000, 1000, 1000, 1000, 1000, 1000, 1000, 1000, 1000, 1000, 1000, 1000, 1000, 1000, 1000, 1000, 1000, 1000, 1000, 1000, 1000, 1000, 1000, 1000, 1000, 1000, 1000, 1000, 1000, 1000, 1000, 1000, 1000, 1000, 1000, 1000, 1000, 1000, 1000, 1000, 1000, 1000, 1000, 1000, 1000, 1000, 1000, 1000, 1000, 1000, 1000, 1000, 1000, 1000, 1000, 1000, 1000, 1000, 1000, 1000, 1000, 1000, 1000, 1000, 1000, 1000, 1000, 1000, 1000, 1000, 1000, 1000, 1000, 1000, 1000, 1000, 1000, 1000, 1000, 1000, 1000, 1000, 1000, 1000, 1000, 1000, 1000, 1000, 1000, 1000, 1000, 1000, 1000, 1000, 1000, 1000, 1000, 1000, 1000, 1000, 1000, 1000, 1000, 1000, 1000, 1000, 1000, 1000, 1000, 1000, 1000, 1000, 1000, 1000, 1000, 1000, 1000, 1000, 1000, 1000, 1000, 1000, 1000, 1000, 1000, 1000, 1000, 1000, 1000, 1000, 1000, 1000, 1000, 1000, 1000, 1000, 1000],